iter	Logloss	Accuracy
0	0.6834939449	0.7054
1	0.6748597285	0.7052285714
2	0.6668677702	0.7055142857
3	0.6596339248	0.7051714286
4	0.6535026236	0.7052857143
5	0.647469472	0.7058
6	0.6420804489	0.7064
7	0.6371977079	0.7062285714
8	0.6330088413	0.7061428571
9	0.6291174749	0.7062
10	0.6256059671	0.7060571429
11	0.6222022825	0.7063428571
12	0.6193831316	0.706
13	0.6166177637	0.7062
14	0.6140773067	0.7065428571
15	0.6118868347	0.7061142857
16	0.6101445879	0.7048571429
17	0.6084856991	0.7044285714
18	0.6068128088	0.7043428571
19	0.6052392495	0.7052857143
20	0.6039448568	0.7048857143
21	0.6027822564	0.7044
22	0.6015783077	0.7047714286
23	0.6006209225	0.7044285714
24	0.5997687355	0.7044
25	0.5988582532	0.7045428571
26	0.5981838076	0.7043714286
27	0.597526295	0.7044285714
28	0.5969702151	0.7042857143
29	0.5963750297	0.7042571429
30	0.5958224639	0.7043428571
31	0.5953489357	0.7042285714
32	0.5948996731	0.7043142857
33	0.5944614588	0.7044
34	0.5941257593	0.7045714286
35	0.5938104454	0.7045714286
36	0.5934912131	0.7046285714
37	0.5931597514	0.7046285714
38	0.5929430204	0.7046
39	0.5926522473	0.7046285714
40	0.5924086008	0.7045714286
41	0.592255264	0.7046
42	0.5920404228	0.7045714286
43	0.5918881981	0.7045714286
44	0.591707978	0.7046
45	0.5915982648	0.7045714286
46	0.5913862654	0.7045714286
47	0.5911988428	0.7046571429
48	0.5910849954	0.7046571429
49	0.5909535632	0.7048
50	0.5908288558	0.7048285714
51	0.5907053077	0.7048285714
52	0.5906287844	0.7048
53	0.5904995873	0.7049428571
54	0.5904063173	0.7050285714
55	0.5902870309	0.7051428571
56	0.5901432243	0.7052285714
57	0.5900492787	0.7058571429
58	0.5899829407	0.7060285714
59	0.5898900115	0.7064857143
60	0.5898243011	0.7065428571
61	0.5897759928	0.7064285714
62	0.5897027899	0.7064571429
63	0.5896607659	0.7064857143
64	0.5896252015	0.7064571429
65	0.5895844518	0.7065428571
66	0.5895465052	0.7064285714
67	0.5895165449	0.7063714286
68	0.5894746572	0.7061714286
69	0.5894086367	0.7063142857
70	0.5893671385	0.7063142857
71	0.5893415312	0.7063714286
72	0.5893145119	0.7066
73	0.5892485381	0.7066857143
74	0.5892353945	0.7068
75	0.5891931572	0.7066285714
76	0.589166579	0.7066
77	0.5891107454	0.7067714286
78	0.5890925809	0.7067428571
79	0.589085287	0.7067714286
80	0.5890617187	0.7066857143
81	0.5889967248	0.7066857143
82	0.5889819935	0.7066571429
83	0.5889787302	0.7066285714
84	0.5889563011	0.7068571429
85	0.5889235087	0.7067428571
86	0.5889035949	0.7067142857
87	0.5888309109	0.7067714286
88	0.5888172409	0.7068857143
89	0.5887521262	0.7067714286
90	0.5887482241	0.7067714286
91	0.5887167631	0.7068
92	0.5886850337	0.7067714286
93	0.5886438578	0.7067428571
94	0.588624209	0.7066285714
95	0.5885837888	0.7067428571
96	0.5885491114	0.7068285714
97	0.5884928388	0.7066571429
98	0.5884601263	0.7068
99	0.5884528604	0.7067428571
100	0.5883801214	0.7065714286
101	0.5883357375	0.7068285714
102	0.588257637	0.7068
103	0.5881926195	0.7067428571
104	0.588141318	0.7067714286
105	0.5881386118	0.7067142857
106	0.5881181138	0.7066857143
107	0.5881044092	0.7066857143
108	0.5881031878	0.7066571429
109	0.5880755597	0.7068
110	0.5880717082	0.7067714286
111	0.5880553921	0.7068571429
112	0.5880157595	0.7068571429
113	0.5879719468	0.7068285714
114	0.5879647298	0.7068571429
115	0.5879342953	0.7068
116	0.5879255748	0.7068
117	0.5879202729	0.7068571429
118	0.5879195192	0.7068285714
119	0.5878783139	0.7069714286
120	0.5878518047	0.7067428571
121	0.5878341796	0.7067714286
122	0.5878304408	0.7068285714
123	0.5878297239	0.7068571429
124	0.5878291407	0.7068571429
125	0.5878286098	0.7068571429
126	0.5877835234	0.7070285714
127	0.5877806157	0.707
128	0.5877746739	0.7070571429
129	0.5877604994	0.7070285714
130	0.5877563356	0.7069714286
131	0.5877396404	0.7068857143
132	0.5877347187	0.7069428571
133	0.5877142564	0.7069428571
134	0.5877139021	0.7069428571
135	0.5876836839	0.7070571429
136	0.5876278199	0.7068857143
137	0.587584413	0.7068857143
138	0.5875824513	0.7069142857
139	0.5875773333	0.7068857143
140	0.5875660093	0.7069142857
141	0.5875643447	0.7068857143
142	0.5875423787	0.7069142857
143	0.5875286606	0.7069142857
144	0.5874998446	0.707
145	0.5874737826	0.7069142857
146	0.5874544364	0.7069142857
147	0.5874273984	0.7069142857
148	0.587426624	0.7068857143
149	0.5874236895	0.7068857143
150	0.5874168276	0.7068857143
151	0.5874144619	0.7068857143
152	0.5874034503	0.7069142857
153	0.5873678558	0.7068285714
154	0.5873224726	0.7069428571
155	0.5873152947	0.7069714286
156	0.5872967586	0.7070285714
157	0.5872853711	0.7070285714
158	0.5872578889	0.707
159	0.5872202806	0.7070571429
160	0.587188744	0.7070571429
161	0.5871679128	0.7070285714
162	0.5871517187	0.7070285714
163	0.587108156	0.7069428571
164	0.5871058919	0.7069714286
165	0.5871053354	0.7069714286
166	0.5871050495	0.7069428571
167	0.5871019677	0.7069142857
168	0.5870752045	0.7069142857
169	0.5870719578	0.7069142857
170	0.58706676	0.7069142857
171	0.5870380468	0.707
172	0.5870370526	0.7069428571
173	0.586983822	0.707
174	0.586981535	0.7069714286
175	0.5869807303	0.7069714286
176	0.5869779346	0.7070571429
177	0.5869450353	0.7069428571
178	0.5869143727	0.707
179	0.5868841968	0.707
180	0.5868375203	0.7070857143
181	0.5867841215	0.7070571429
182	0.586753673	0.7069714286
183	0.5867097897	0.7069714286
184	0.5867089207	0.707
185	0.5867089069	0.707
186	0.5867087693	0.707
187	0.586708246	0.7070571429
188	0.5866689457	0.7070857143
189	0.5866255372	0.7071142857
190	0.5866001509	0.7072
191	0.5865814972	0.7072571429
192	0.5865789821	0.7071428571
193	0.5865666898	0.7072
194	0.5865277528	0.7070857143
195	0.5865130452	0.7070857143
196	0.5865123117	0.7070571429
197	0.5865122399	0.7070571429
198	0.5865072424	0.707
199	0.5864924699	0.7071142857
200	0.5864793023	0.7071142857
201	0.5864662487	0.7071428571
202	0.5864545291	0.7070285714
203	0.5864173177	0.707
204	0.5863858616	0.707
205	0.58635541	0.7070285714
206	0.5863534034	0.7069714286
207	0.5863375777	0.707
208	0.5863321846	0.707
209	0.5862951613	0.7068857143
210	0.5862781628	0.7069142857
211	0.5862371603	0.7068571429
212	0.5862296392	0.7068571429
213	0.5861912809	0.7069142857
214	0.5861615174	0.7070571429
215	0.5861613232	0.7070571429
216	0.5861236514	0.7070285714
217	0.5861174271	0.7070571429
218	0.5860884088	0.7071714286
219	0.5860883495	0.7071714286
220	0.5860814739	0.7071714286
221	0.5860812982	0.7071714286
222	0.5860605864	0.7071428571
223	0.5860595675	0.7071428571
224	0.5860562489	0.7071428571
225	0.5860546499	0.7071142857
226	0.586041581	0.7071714286
227	0.5860415076	0.7071714286
228	0.5860298127	0.7071142857
229	0.5860151559	0.7071714286
230	0.5860114845	0.7071714286
231	0.585991356	0.7071428571
232	0.5859161383	0.7071142857
233	0.5859160499	0.7071142857
234	0.5858985092	0.7070571429
235	0.5858872803	0.7071142857
236	0.5858871776	0.7071142857
237	0.5858850079	0.7071428571
238	0.585850959	0.7071428571
239	0.5858509581	0.7071428571
240	0.585850802	0.7071428571
241	0.5858499581	0.7071428571
242	0.5858065598	0.7071428571
243	0.5858062089	0.7071428571
244	0.58580616	0.7071714286
245	0.5858053426	0.7072
246	0.5857843476	0.7071714286
247	0.5857839236	0.7072
248	0.5857623567	0.7072285714
249	0.5857562779	0.7072285714
250	0.5857397988	0.7072
251	0.5857091609	0.7071714286
252	0.5856951803	0.7072285714
253	0.5856727859	0.7071714286
254	0.5856724853	0.7071714286
255	0.5856696714	0.7071714286
256	0.5856626665	0.7071428571
257	0.5856591492	0.7071428571
258	0.585652708	0.7071714286
259	0.585649004	0.7071714286
260	0.5856048032	0.7072571429
261	0.5856015328	0.7072857143
262	0.5855971503	0.7072857143
263	0.5855765476	0.7072571429
264	0.5855567948	0.7072571429
265	0.5855547779	0.7072285714
266	0.5855545007	0.7072
267	0.5855350304	0.7072
268	0.5855325692	0.7072
269	0.5855264907	0.7071428571
270	0.5855184382	0.7071714286
271	0.5854914019	0.7072
272	0.5854612205	0.7072571429
273	0.5854610333	0.7072285714
274	0.5854455252	0.7073142857
275	0.5854334134	0.7072285714
276	0.5854315103	0.7072
277	0.5854265164	0.7072285714
278	0.5854149346	0.7072857143
279	0.5854078333	0.7072
280	0.5854072631	0.7072285714
281	0.5853749998	0.7071714286
282	0.5853742091	0.7072
283	0.5853427809	0.7072
284	0.5853427518	0.7072
285	0.5853224945	0.7072285714
286	0.5853219006	0.7072571429
287	0.5853209774	0.7072
288	0.5853197521	0.7072
289	0.5853193847	0.7072
290	0.5853103346	0.7072
291	0.5852844092	0.7072
292	0.5852841947	0.7072
293	0.585264691	0.7072
294	0.5852638848	0.7072285714
295	0.5852239197	0.7072571429
296	0.5852201521	0.7072571429
297	0.5852109125	0.7072285714
298	0.5852108777	0.7072285714
299	0.585210862	0.7072285714
300	0.5852106193	0.7072285714
301	0.5852085539	0.7072285714
302	0.5852083986	0.7072285714
303	0.5851906624	0.7072857143
304	0.5851730758	0.7073428571
305	0.5851652029	0.7073428571
306	0.5851380181	0.7073142857
307	0.5851217419	0.7074
308	0.5851161668	0.7074285714
309	0.5851146012	0.7074285714
310	0.5851145856	0.7074285714
311	0.585114541	0.7074285714
312	0.5851121908	0.7074285714
313	0.5851092194	0.7074285714
314	0.5851080032	0.7074285714
315	0.5850980288	0.7074571429
316	0.5850798178	0.7074571429
317	0.5850551359	0.7074857143
318	0.5850376816	0.7074571429
319	0.5850376805	0.7074571429
320	0.5850169934	0.7074571429
321	0.585016665	0.7074571429
322	0.5850149717	0.7074571429
323	0.5850143282	0.7074571429
324	0.5849994908	0.7075428571
325	0.5849979756	0.7075428571
326	0.5849979464	0.7075428571
327	0.5849922325	0.7075142857
328	0.5849914965	0.7075142857
329	0.5849900969	0.7075142857
330	0.5849693076	0.7075142857
331	0.5849557267	0.7075142857
332	0.5849557103	0.7075142857
333	0.5849557068	0.7075142857
334	0.5849218077	0.7074857143
335	0.5849216336	0.7074857143
336	0.5849216333	0.7074857143
337	0.5849214968	0.7074857143
338	0.5849071874	0.7074571429
339	0.5848889339	0.7074571429
340	0.5848877212	0.7074857143
341	0.5848650005	0.7074857143
342	0.5848414583	0.7074857143
343	0.5848386055	0.7074857143
344	0.5848349706	0.7074857143
345	0.584834893	0.7074857143
346	0.5848347081	0.7074857143
347	0.58481983	0.7074857143
348	0.5848197573	0.7074857143
349	0.5847916385	0.7075428571
350	0.5847909833	0.7075142857
351	0.5847903444	0.7075428571
352	0.5847493057	0.7075142857
353	0.5847444597	0.7075142857
354	0.5847195846	0.7074857143
355	0.5847182176	0.7074857143
356	0.5847035986	0.7075142857
357	0.5847033174	0.7075142857
358	0.5847026791	0.7075142857
359	0.5846804939	0.7075142857
360	0.5846779319	0.7074571429
361	0.5846601599	0.7076
362	0.5846467337	0.7076
363	0.5846467085	0.7076
364	0.5846462513	0.7075714286
365	0.5846175049	0.7076285714
366	0.5846174952	0.7076285714
367	0.5846126491	0.7076571429
368	0.5845943996	0.7076571429
369	0.5845864012	0.7076571429
370	0.5845496414	0.7076285714
371	0.584549104	0.7076285714
372	0.5845490672	0.7076285714
373	0.5845487067	0.7076285714
374	0.5845486652	0.7076571429
375	0.5845466777	0.7076571429
376	0.5845458519	0.7076285714
377	0.5845266687	0.7076571429
378	0.5845260495	0.7076571429
379	0.5845214139	0.7076285714
380	0.5845161881	0.7076285714
381	0.5845161389	0.7076285714
382	0.5845014079	0.7076571429
383	0.5844996145	0.7076571429
384	0.5844824994	0.7076571429
385	0.5844823103	0.7076285714
386	0.5844820749	0.7076571429
387	0.584482073	0.7076571429
388	0.5844716096	0.7076857143
389	0.5844715697	0.7076857143
390	0.5844705744	0.7076857143
391	0.5844690348	0.7076857143
392	0.5844647406	0.7076857143
393	0.5844588197	0.7076571429
394	0.5844584236	0.7076571429
395	0.584458284	0.7076571429
396	0.5844581504	0.7076571429
397	0.5844580939	0.7076571429
398	0.5844580817	0.7076571429
399	0.5844580816	0.7076571429
400	0.5844578695	0.7076571429
401	0.5844466745	0.7076857143
402	0.5844439316	0.7076857143
403	0.5844433179	0.7077142857
404	0.5844432326	0.7077142857
405	0.584419057	0.7076857143
406	0.5844137225	0.7077142857
407	0.5844137138	0.7077142857
408	0.5844137089	0.7077142857
409	0.5844129832	0.7077142857
410	0.5844126088	0.7077142857
411	0.5844125976	0.7077142857
412	0.5844120118	0.7077142857
413	0.5844118873	0.7077142857
414	0.5844107201	0.7077142857
415	0.5844104978	0.7077142857
416	0.584408531	0.7077428571
417	0.5844084962	0.7077428571
418	0.584390952	0.7077714286
419	0.584375801	0.7077428571
420	0.5843650014	0.7077428571
421	0.5843614308	0.7076857143
422	0.5843485623	0.7077142857
423	0.5843457668	0.7077142857
424	0.584345428	0.7077142857
425	0.5843435938	0.7077428571
426	0.5843413846	0.7077428571
427	0.5843354602	0.7077714286
428	0.5843354113	0.7077714286
429	0.5843130898	0.7077714286
430	0.5843110366	0.7077714286
431	0.5843110145	0.7077714286
432	0.5843108421	0.7077714286
433	0.5843108411	0.7077714286
434	0.584309135	0.7077714286
435	0.5843012734	0.7078
436	0.5842818843	0.7078285714
437	0.5842803452	0.7078285714
438	0.5842802015	0.7078
439	0.5842792275	0.7078285714
440	0.5842789494	0.7078285714
441	0.5842731107	0.7078285714
442	0.5842643013	0.7078571429
443	0.5842638396	0.7078571429
444	0.5842629803	0.7078285714
445	0.5842628793	0.7078285714
446	0.5842628501	0.7078285714
447	0.5842506652	0.7078285714
448	0.5842503471	0.7078285714
449	0.5842449011	0.7078
450	0.5842447107	0.7077714286
451	0.5842445133	0.7077714286
452	0.5842444688	0.7078
453	0.5842295074	0.7078571429
454	0.5842289232	0.7078571429
455	0.5842231912	0.7078285714
456	0.5842231677	0.7078285714
457	0.584213091	0.7078
458	0.584208415	0.7078
459	0.5841976678	0.7078
460	0.5841788343	0.7077714286
461	0.584178255	0.7077714286
462	0.5841771807	0.7077714286
463	0.5841766769	0.7077714286
464	0.5841766609	0.7077714286
465	0.5841761364	0.7077714286
466	0.5841699419	0.7076857143
467	0.5841695964	0.7076857143
468	0.5841516391	0.7076571429
469	0.584150565	0.7076857143
470	0.5841500988	0.7076857143
471	0.584149661	0.7076857143
472	0.584149325	0.7077142857
473	0.5841491632	0.7077142857
474	0.5841490231	0.7076857143
475	0.5841483651	0.7077428571
476	0.5841483441	0.7077142857
477	0.5841477024	0.7077428571
478	0.5841472671	0.7077142857
479	0.584125507	0.7077142857
480	0.5841250937	0.7077142857
481	0.5841233167	0.7077142857
482	0.5841231178	0.7077142857
483	0.5841154134	0.7076857143
484	0.5841153914	0.7076857143
485	0.5840874157	0.7076857143
486	0.5840870965	0.7076857143
487	0.5840869319	0.7076857143
488	0.5840797586	0.7076857143
489	0.5840797349	0.7076857143
490	0.5840565975	0.7077142857
491	0.5840520814	0.7077142857
492	0.5840520503	0.7077142857
493	0.5840501226	0.7077142857
494	0.584046793	0.7077428571
495	0.5840304388	0.7076857143
496	0.5840296715	0.7076857143
497	0.5840295751	0.7076857143
498	0.5840277108	0.7077142857
499	0.5840273947	0.7077142857
500	0.5840272832	0.7077428571
501	0.5840271371	0.7077142857
502	0.5840263725	0.7077142857
503	0.5840263589	0.7077142857
504	0.5840257562	0.7076857143
505	0.5840254053	0.7076857143
506	0.584025237	0.7076857143
507	0.5840250583	0.7076857143
508	0.5840249224	0.7076857143
509	0.5840207191	0.7077428571
510	0.5840202304	0.7077428571
511	0.5840200815	0.7077142857
512	0.584016436	0.7076857143
513	0.5840158682	0.7077428571
514	0.5840130561	0.7077428571
515	0.5840129099	0.7077142857
516	0.5840102885	0.7076857143
517	0.5840100216	0.7076571429
518	0.583986286	0.7076857143
519	0.5839847381	0.7077428571
520	0.5839845711	0.7077428571
521	0.583984307	0.7077142857
522	0.5839839611	0.7077142857
523	0.5839757844	0.7077142857
524	0.5839713682	0.7077142857
525	0.5839704616	0.7076857143
526	0.5839613103	0.7077142857
527	0.5839612206	0.7077142857
528	0.5839605625	0.7078
529	0.5839430888	0.7077714286
530	0.583943087	0.7077714286
531	0.5839402969	0.7077714286
532	0.5839395807	0.7077714286
533	0.5839394945	0.7077714286
534	0.5839393489	0.7077714286
535	0.5839153749	0.7077142857
536	0.5839149059	0.7077142857
537	0.5838908689	0.7077428571
538	0.5838681874	0.7076857143
539	0.5838675374	0.7076857143
540	0.5838549478	0.7077714286
541	0.5838547337	0.7077428571
542	0.5838546087	0.7077428571
543	0.5838516856	0.7077428571
544	0.5838209267	0.7075428571
545	0.5838115389	0.7076
546	0.5838098385	0.7076
547	0.5838096895	0.7076
548	0.5838095568	0.7076
549	0.5838093296	0.7076285714
550	0.5838074643	0.7076571429
551	0.5838072055	0.7076285714
552	0.5838071904	0.7076285714
553	0.5838059586	0.7076285714
554	0.5838058477	0.7076285714
555	0.5838007427	0.7076571429
556	0.5837991752	0.7076571429
557	0.5837987776	0.7076857143
558	0.583798663	0.7076857143
559	0.5837985592	0.7077142857
560	0.5837980433	0.7076285714
561	0.5837976204	0.7077142857
562	0.5837838254	0.7076857143
563	0.5837818778	0.7076857143
564	0.5837817682	0.7076571429
565	0.5837816698	0.7076285714
566	0.5837815449	0.7076
567	0.583781124	0.7077142857
568	0.583779787	0.7076857143
569	0.5837643156	0.7076857143
570	0.5837520496	0.7075714286
571	0.5837518955	0.7075714286
572	0.5837518828	0.7075714286
573	0.5837508412	0.7075714286
574	0.5837500666	0.7075428571
575	0.5837481748	0.7076
576	0.5837481705	0.7076
577	0.5837455332	0.7076
578	0.5837452105	0.7076285714
579	0.5837447693	0.7076
580	0.5837317683	0.7076285714
581	0.5837315272	0.7076285714
582	0.5837313687	0.7076285714
583	0.5837175668	0.7076285714
584	0.5837174471	0.7076
585	0.5837171309	0.7076285714
586	0.5837019401	0.7077142857
587	0.5836817094	0.7076571429
588	0.5836700903	0.7076571429
589	0.5836698076	0.7076571429
590	0.5836363865	0.7076571429
591	0.5836362635	0.7076571429
592	0.5836361689	0.7076571429
593	0.5836141247	0.7076857143
594	0.5836141048	0.7076857143
595	0.5836137975	0.7076857143
596	0.5836126517	0.7077428571
597	0.5836123964	0.7077142857
598	0.5836123603	0.7077142857
599	0.5836020489	0.7077428571
600	0.5835903532	0.7077428571
601	0.5835896367	0.7077714286
602	0.5835793392	0.7076285714
603	0.583578904	0.7077142857
604	0.5835775105	0.7077142857
605	0.5835774507	0.7077428571
606	0.58357734	0.7077142857
607	0.5835772769	0.7076857143
608	0.583564232	0.7076857143
609	0.5835635963	0.7077428571
610	0.5835630978	0.7077428571
611	0.5835349897	0.7077142857
612	0.5835349371	0.7077142857
613	0.5835344096	0.7076857143
614	0.5835310431	0.7076571429
615	0.5835304195	0.7076285714
616	0.5835045701	0.7076
617	0.5835043476	0.7076285714
618	0.5835040255	0.7076285714
619	0.5835038646	0.7076285714
620	0.5835038518	0.7076285714
621	0.5835032616	0.7076285714
622	0.5835014096	0.7076571429
623	0.5834969501	0.7076285714
624	0.5834969025	0.7076285714
625	0.5834932555	0.7076571429
626	0.5834929784	0.7076857143
627	0.5834928327	0.7077142857
628	0.5834920484	0.7077142857
629	0.5834918352	0.7077142857
630	0.5834892046	0.7076857143
631	0.5834872931	0.7076857143
632	0.583486798	0.7076857143
633	0.5834564331	0.7076285714
634	0.5834318736	0.7077428571
635	0.5834305004	0.7077142857
636	0.5834302286	0.7076857143
637	0.5834292081	0.7076857143
638	0.5834287224	0.7077428571
639	0.5834284688	0.7077142857
640	0.5834236476	0.7077142857
641	0.583423379	0.7077428571
642	0.5834233646	0.7077428571
643	0.583420297	0.7077142857
644	0.5834201316	0.7077142857
645	0.5834200057	0.7076857143
646	0.5834140167	0.7077142857
647	0.5834138732	0.7077428571
648	0.5834035377	0.7077428571
649	0.5834034997	0.7077428571
650	0.5833905245	0.7078571429
651	0.5833897974	0.7078857143
652	0.5833896658	0.7077714286
653	0.583387232	0.7078
654	0.5833871068	0.7078285714
655	0.5833869724	0.7078285714
656	0.5833868842	0.7078
657	0.5833771113	0.7078571429
658	0.5833763751	0.7078285714
659	0.5833763375	0.7078285714
660	0.5833752841	0.7078285714
661	0.5833751643	0.7078285714
662	0.5833725732	0.7078
663	0.5833632011	0.7077714286
664	0.5833630212	0.7077714286
665	0.5833620091	0.7077714286
666	0.5833619322	0.7077714286
667	0.5833619059	0.7077714286
668	0.5833617713	0.7078
669	0.5833612492	0.7077714286
670	0.5833604448	0.7077714286
671	0.5833584466	0.7077714286
672	0.5833569787	0.7078
673	0.5833566427	0.7078
674	0.583354081	0.7078
675	0.58334253	0.7078285714
676	0.5833424477	0.7078571429
677	0.5833423057	0.7078571429
678	0.5833416422	0.7078285714
679	0.5833415341	0.7078571429
680	0.5833397486	0.7078571429
681	0.5833396996	0.7078571429
682	0.583326757	0.7078571429
683	0.5833264874	0.7078571429
684	0.5833263738	0.7078571429
685	0.5833261505	0.7078285714
686	0.583312665	0.7078
687	0.5833043098	0.7078
688	0.5833041629	0.7078
689	0.5833036677	0.7078
690	0.5833035139	0.7078
691	0.5833034215	0.7078
692	0.5833033462	0.7078
693	0.5833031025	0.7078
694	0.5833030011	0.7078
695	0.5832999262	0.7077428571
696	0.5832998595	0.7077428571
697	0.5832992992	0.7077428571
698	0.583296934	0.7077428571
699	0.5832968407	0.7077428571
700	0.5832958047	0.7077714286
701	0.5832943047	0.7077714286
702	0.5832844013	0.7077714286
703	0.5832828318	0.7078
704	0.5832820339	0.7078571429
705	0.5832814729	0.7078857143
706	0.5832717272	0.7078285714
707	0.5832692278	0.7078857143
708	0.583269067	0.7078857143
709	0.5832690047	0.7078857143
710	0.5832687993	0.7078857143
711	0.5832653085	0.7078857143
712	0.5832641409	0.7078857143
713	0.5832640079	0.7078857143
714	0.5832639408	0.7078857143
715	0.5832637138	0.7078857143
716	0.5832635997	0.7079142857
717	0.5832634662	0.7079142857
718	0.5832634558	0.7079142857
719	0.583263377	0.7079142857
720	0.5832633041	0.7078857143
721	0.5832629625	0.7078857143
722	0.5832628844	0.7078571429
723	0.5832623397	0.7078571429
724	0.5832620668	0.7078857143
725	0.5832620339	0.7078857143
726	0.583260988	0.7078571429
727	0.5832609749	0.7078571429
728	0.5832609436	0.7078571429
729	0.5832607827	0.7078571429
730	0.5832601684	0.7078571429
731	0.5832591308	0.7078571429
732	0.5832505691	0.7079142857
733	0.5832505063	0.7079142857
734	0.5832503105	0.7079428571
735	0.5832502274	0.7079428571
736	0.5832496795	0.7079428571
737	0.5832492946	0.7079714286
738	0.5832490026	0.7079142857
739	0.5832482826	0.7079142857
740	0.5832446318	0.7079142857
741	0.5832445693	0.7079428571
742	0.5832445245	0.7079142857
743	0.5832444019	0.7079428571
744	0.5832437772	0.7079714286
745	0.5832436453	0.7079714286
746	0.583242022	0.7079428571
747	0.5832418155	0.7079428571
748	0.5832417979	0.7079428571
749	0.5832411872	0.7079714286
750	0.5832410924	0.7079714286
751	0.5832408221	0.7079714286
752	0.5832407446	0.7079714286
753	0.5832393204	0.708
754	0.5832392496	0.708
755	0.5832389699	0.708
756	0.5832389022	0.708
757	0.5832386935	0.708
758	0.5832385496	0.708
759	0.5832384908	0.7080285714
760	0.5832177357	0.7079714286
761	0.5832175022	0.7080285714
762	0.5832161458	0.708
763	0.583214769	0.708
764	0.5832147114	0.708
765	0.5832143897	0.7080285714
766	0.5832140583	0.7080285714
767	0.583213887	0.7080285714
768	0.5832138027	0.7080285714
769	0.5832120967	0.7080285714
770	0.5832120698	0.708
771	0.5832120504	0.708
772	0.5832082878	0.708
773	0.5832076788	0.7080285714
774	0.5832071228	0.7080285714
775	0.58320387	0.708
776	0.5831969883	0.7079714286
777	0.5831968299	0.708
778	0.583196697	0.7080285714
779	0.5831962097	0.7080285714
780	0.5831957056	0.7080571429
781	0.5831818902	0.7081142857
782	0.5831815097	0.7081142857
783	0.5831790705	0.7080857143
784	0.5831790334	0.7081142857
785	0.5831790013	0.7081142857
786	0.5831789586	0.7081142857
787	0.5831788249	0.7080857143
788	0.5831775938	0.7080571429
789	0.5831775865	0.7080571429
790	0.583177179	0.7080571429
791	0.5831771266	0.7080571429
792	0.58317686	0.7080857143
793	0.5831768545	0.7080857143
794	0.5831766409	0.7080857143
795	0.5831764603	0.7080857143
796	0.5831600075	0.7080571429
797	0.5831596335	0.7080857143
798	0.5831582541	0.7080857143
799	0.58315668	0.7080857143
800	0.5831561803	0.7080571429
801	0.5831559172	0.7080571429
802	0.5831558747	0.7080571429
803	0.5831558221	0.7080571429
804	0.5831557025	0.7080571429
805	0.5831553554	0.7080571429
806	0.5831553258	0.7080571429
807	0.5831542285	0.7079714286
808	0.5831540558	0.708
809	0.583153934	0.708
810	0.5831538004	0.708
811	0.583153506	0.7080285714
812	0.5831534688	0.7080285714
813	0.5831530728	0.7080285714
814	0.5831524219	0.708
815	0.5831503049	0.7080285714
816	0.5831484392	0.7080285714
817	0.5831484042	0.7080571429
818	0.5831482991	0.7080571429
819	0.5831463301	0.7080285714
820	0.5831457442	0.7080285714
821	0.5831457428	0.7080285714
822	0.5831457414	0.7080285714
823	0.5831456851	0.7080285714
824	0.5831450337	0.708
825	0.5831449982	0.708
826	0.5831448314	0.7080285714
827	0.5831446175	0.708
828	0.5831445638	0.708
829	0.5831430875	0.708
830	0.5831430585	0.708
831	0.5831429464	0.708
832	0.5831410607	0.7079714286
833	0.5831410552	0.708
834	0.5831408184	0.7079714286
835	0.5831405502	0.7079714286
836	0.5831131771	0.7079714286
837	0.5831131232	0.7079714286
838	0.5831128308	0.7079714286
839	0.5831126257	0.708
840	0.5831115829	0.7079714286
841	0.5831113691	0.7079142857
842	0.583110766	0.7079428571
843	0.583100719	0.7079142857
844	0.5831006857	0.7079142857
845	0.583100563	0.7079142857
846	0.583100531	0.7079142857
847	0.5830998306	0.7079142857
848	0.5830997878	0.7079142857
849	0.5830997857	0.7079142857
850	0.5830992484	0.7079142857
851	0.5830887682	0.7079142857
852	0.5830870647	0.7078857143
853	0.5830870523	0.7078857143
854	0.583086622	0.7078857143
855	0.5830865484	0.7078857143
856	0.5830859852	0.7078857143
857	0.5830851243	0.7078857143
858	0.5830850535	0.7078857143
859	0.5830846431	0.7078571429
860	0.5830845222	0.7078571429
861	0.5830844799	0.7078571429
862	0.5830844163	0.7078571429
863	0.5830844154	0.7078571429
864	0.5830843261	0.7078571429
865	0.5830842335	0.7078571429
866	0.5830841844	0.7078571429
867	0.583084184	0.7078571429
868	0.5830840349	0.7078571429
869	0.5830839099	0.7078571429
870	0.5830809373	0.7078857143
871	0.5830808137	0.7078857143
872	0.5830807478	0.7078857143
873	0.5830805633	0.7078857143
874	0.5830805168	0.7078857143
875	0.5830803925	0.7078571429
876	0.5830798835	0.7078571429
877	0.5830739728	0.7078571429
878	0.5830580987	0.7078857143
879	0.58305781	0.7078857143
880	0.5830573259	0.7078857143
881	0.5830565814	0.7079142857
882	0.5830565354	0.7079142857
883	0.5830564008	0.7079142857
884	0.5830434318	0.7079714286
885	0.583043032	0.7080285714
886	0.5830429911	0.708
887	0.5830427032	0.7079714286
888	0.5830184526	0.7079714286
889	0.583017296	0.7079428571
890	0.5830172812	0.7079428571
891	0.583016964	0.7079428571
892	0.5830165591	0.7079428571
893	0.5830160481	0.7079142857
894	0.583015754	0.7079142857
895	0.583015679	0.7079142857
896	0.5830155144	0.7079142857
897	0.5829967212	0.7079142857
898	0.5829966151	0.7079142857
899	0.5829962653	0.7079428571
900	0.5829895226	0.7079142857
901	0.5829894606	0.7079142857
902	0.5829891073	0.7078857143
903	0.5829874606	0.7078571429
904	0.5829870836	0.7078571429
905	0.5829870822	0.7078571429
906	0.5829867586	0.7078857143
907	0.5829784405	0.7080285714
908	0.5829777654	0.708
909	0.5829775222	0.708
910	0.5829774852	0.708
911	0.5829771497	0.7080285714
912	0.5829770203	0.708
913	0.582976461	0.708
914	0.5829762614	0.708
915	0.5829762247	0.708
916	0.5829759229	0.7079428571
917	0.582975852	0.7079714286
918	0.5829754276	0.7079714286
919	0.5829739864	0.7080285714
920	0.5829739676	0.7080285714
921	0.5829722182	0.7080285714
922	0.58297195	0.7080285714
923	0.5829718358	0.7080571429
924	0.5829717582	0.7080571429
925	0.5829715123	0.7080857143
926	0.5829714569	0.7080857143
927	0.5829714511	0.7080857143
928	0.5829713232	0.7080857143
929	0.5829709139	0.7080857143
930	0.5829705016	0.7080857143
931	0.5829702978	0.7080571429
932	0.5829702702	0.7080571429
933	0.5829699569	0.7080285714
934	0.5829696862	0.7080571429
935	0.5829695496	0.7080285714
936	0.5829692717	0.7080285714
937	0.5829692692	0.7080285714
938	0.5829644684	0.7081142857
939	0.5829643473	0.7081142857
940	0.5829642794	0.7080857143
941	0.5829642179	0.7081142857
942	0.5829642157	0.7081142857
943	0.5829642007	0.7081142857
944	0.582962837	0.7081428571
945	0.5829628266	0.7081428571
946	0.5829618058	0.7081428571
947	0.582961793	0.7081428571
948	0.5829616835	0.7081428571
949	0.5829616758	0.7081428571
950	0.5829616516	0.7081428571
951	0.582961493	0.7081142857
952	0.5829613823	0.7081428571
953	0.5829600577	0.7081714286
954	0.5829595781	0.7082285714
955	0.5829506224	0.7082285714
956	0.5829506161	0.7082285714
957	0.5829503195	0.7082
958	0.5829500774	0.7081428571
959	0.5829498029	0.7081714286
960	0.5829495809	0.7081714286
961	0.5829495511	0.7081428571
962	0.5829495508	0.7081428571
963	0.5829494812	0.7081428571
964	0.5829490638	0.7082
965	0.5829450493	0.7082
966	0.5829412772	0.7082
967	0.5829385986	0.7082
968	0.5829340391	0.7081714286
969	0.5829339716	0.7081714286
970	0.5829332366	0.7081714286
971	0.5829329707	0.7081714286
972	0.5829271299	0.7082
973	0.5829270653	0.7082
974	0.5829268111	0.7081714286
975	0.5829266796	0.7081714286
976	0.5829266742	0.7081714286
977	0.5829266254	0.7081714286
978	0.5829265398	0.7081714286
979	0.5829143075	0.7081428571
980	0.5829142569	0.7081428571
981	0.5829141581	0.7081714286
982	0.5829139345	0.7081428571
983	0.5829138598	0.7081428571
984	0.5829136338	0.7082285714
985	0.5829135134	0.7082285714
986	0.5829134845	0.7082285714
987	0.5829134401	0.7082285714
988	0.5829134376	0.7082
989	0.5829120724	0.7082285714
990	0.5829112901	0.7082285714
991	0.5829112834	0.7082285714
992	0.5829112368	0.7082285714
993	0.5829105631	0.7082
994	0.5829044088	0.7082285714
995	0.5829040004	0.7082
996	0.582903484	0.7082285714
997	0.5829034711	0.7082285714
998	0.5829033689	0.7082285714
999	0.582903219	0.7082285714
